{
	"partitions" : [
		{
			"name" : "Top",
			"pins" : [
				{
					"name" : "out_col[0]",
					"strict" : false
				},
				{
					"name" : "out_col[1]",
					"strict" : false
				},
				{
					"name" : "out_col[2]",
					"strict" : false
				},
				{
					"name" : "out_col[3]",
					"strict" : false
				},
				{
					"name" : "out_col[4]",
					"strict" : false
				},
				{
					"name" : "out_col[5]",
					"strict" : false
				},
				{
					"name" : "out_col[6]",
					"strict" : false
				},
				{
					"name" : "out_row[0]",
					"strict" : false
				},
				{
					"name" : "out_row[1]",
					"strict" : false
				},
				{
					"name" : "out_row[2]",
					"strict" : false
				},
				{
					"name" : "out_row[3]",
					"strict" : false
				},
				{
					"name" : "out_row[4]",
					"strict" : false
				},
				{
					"name" : "out_row[5]",
					"strict" : false
				},
				{
					"name" : "out_row[6]",
					"strict" : false
				},
				{
					"name" : "player",
					"strict" : false
				},
				{
					"name" : "VGA_VS",
					"strict" : false
				},
				{
					"name" : "VGA_HS",
					"strict" : false
				},
				{
					"name" : "VGA_BLANK_N",
					"strict" : false
				},
				{
					"name" : "VGA_R[0]",
					"strict" : false
				},
				{
					"name" : "VGA_R[1]",
					"strict" : false
				},
				{
					"name" : "VGA_R[2]",
					"strict" : false
				},
				{
					"name" : "VGA_R[3]",
					"strict" : false
				},
				{
					"name" : "VGA_R[4]",
					"strict" : false
				},
				{
					"name" : "VGA_R[5]",
					"strict" : false
				},
				{
					"name" : "VGA_R[6]",
					"strict" : false
				},
				{
					"name" : "VGA_R[7]",
					"strict" : false
				},
				{
					"name" : "VGA_R[8]",
					"strict" : false
				},
				{
					"name" : "VGA_R[9]",
					"strict" : false
				},
				{
					"name" : "VGA_G[0]",
					"strict" : false
				},
				{
					"name" : "VGA_G[1]",
					"strict" : false
				},
				{
					"name" : "VGA_G[2]",
					"strict" : false
				},
				{
					"name" : "VGA_G[3]",
					"strict" : false
				},
				{
					"name" : "VGA_G[4]",
					"strict" : false
				},
				{
					"name" : "VGA_G[5]",
					"strict" : false
				},
				{
					"name" : "VGA_G[6]",
					"strict" : false
				},
				{
					"name" : "VGA_G[7]",
					"strict" : false
				},
				{
					"name" : "VGA_G[8]",
					"strict" : false
				},
				{
					"name" : "VGA_G[9]",
					"strict" : false
				},
				{
					"name" : "VGA_B[0]",
					"strict" : false
				},
				{
					"name" : "VGA_B[1]",
					"strict" : false
				},
				{
					"name" : "VGA_B[2]",
					"strict" : false
				},
				{
					"name" : "VGA_B[3]",
					"strict" : false
				},
				{
					"name" : "VGA_B[4]",
					"strict" : false
				},
				{
					"name" : "VGA_B[5]",
					"strict" : false
				},
				{
					"name" : "VGA_B[6]",
					"strict" : false
				},
				{
					"name" : "VGA_B[7]",
					"strict" : false
				},
				{
					"name" : "VGA_B[8]",
					"strict" : false
				},
				{
					"name" : "VGA_B[9]",
					"strict" : false
				},
				{
					"name" : "clk",
					"strict" : false
				},
				{
					"name" : "rst",
					"strict" : false
				},
				{
					"name" : "down",
					"strict" : false
				},
				{
					"name" : "direction[0]",
					"strict" : false
				},
				{
					"name" : "direction[1]",
					"strict" : false
				}
			]
		}
	]
}